{"sections":{"custom_liquid_MGKLPY":{"type":"custom-liquid","custom_css":["#custom_section {height: 600px;}"],"settings":{"custom_liquid":"","color_scheme":"","padding_top":100,"padding_bottom":100}},"milestone_section_NK9w8V":{"type":"milestone-section","settings":{"padding_top":36,"padding_bottom":36,"heading":"Pharma Capsules","description":"A superior delivery mechanism, for the most effective result","image":"shopify:\/\/shop_images\/Power-Drops-9_1.jpg","milestoneheading":"Fast Absorption","main_sub_para":"A superior delivery mechanism, for the most effective result","tab1heading":"Fast Absorption","para1":"A superior delivery mechanism, for the most effective result","tab2heading":"INCREASED BIOAVAILABILITY","para2":"Cutting-edge, effective products and experiences that work. Thoughtfully designed by exports and rigorously researched and tested.","tab3heading":"PROTECTION OF ACTIVE INGREDIENTS","para3":"We carefully consider every choice to create the most thoughtful, ethical and sustainable experiences and products."}},"custom_liquid_BXUYt6":{"type":"custom-liquid","custom_css":["#custom_section {height: 300px;}"],"settings":{"custom_liquid":"","color_scheme":"","padding_top":80,"padding_bottom":80}},"image_with_accordion_LtgqxG":{"type":"image_with_accordion","blocks":{"collapsible_row_KxHP3U":{"type":"collapsible_row","settings":{"heading":"Regulates hormones & thyroid function","icon":"none","row_content":"<p>Vitamin B6 (pyridoxine) helps the body produce serotonin, a neurotransmitter involved in regulating mood, appetite, and sleep. As women age serotonin levels drop which can cause hormone inbalances and consequential mood swings. \u2028<\/p><p>\u2028Dong Quai Root, often referred to as \"female ginseng,\" helps balance estrogen levels. Rich in gamma-linolenic acid (GLA), Evening Primrose Oil also helps to regulate hormones. Both plant extracts are commonly used to to alleviate symptoms assosciated with menopause, including hot flashes and mood swings.<\/p><p>\u2028\u2028Iodine is required by the body to make essential thyroid hormones that  help regulate weight and cell metabolism.<\/p>","page":""}},"collapsible_row_RAX6b4":{"type":"collapsible_row","settings":{"heading":"Supports bone & cardivascular health","icon":"none","row_content":"","page":""}},"collapsible_row_p39XEV":{"type":"collapsible_row","settings":{"heading":"Reduces tiredness & fatigue","icon":"none","row_content":"","page":""}},"collapsible_row_t48EUe":{"type":"collapsible_row","settings":{"heading":"Supports brain health","icon":"none","row_content":"","page":""}},"collapsible_row_R4djfp":{"type":"collapsible_row","settings":{"heading":"Supports skin & hair health","icon":"none","row_content":"","page":""}}},"block_order":["collapsible_row_KxHP3U","collapsible_row_RAX6b4","collapsible_row_p39XEV","collapsible_row_t48EUe","collapsible_row_R4djfp"],"settings":{"padding_top":36,"padding_bottom":36,"image":"shopify:\/\/shop_images\/image_5.jpg","caption":"","heading":"The Science","heading_size":"h2","heading_alignment":"center","layout":"none","open_first_collapsible_row":true}},"content_with_progressbar_DV8Xrp":{"type":"content_with_progressbar","blocks":{"image_KXbVW8":{"type":"Image","settings":{"ingredient":"shopify:\/\/shop_images\/view-mono-color-mushrooms_1.png","ingredientheading":"DONG QUAI ROOT","para":"Regulates mood."}},"image_XgcjYY":{"type":"Image","settings":{"ingredient":"shopify:\/\/shop_images\/golden-sesame_2.png","ingredientheading":"KOREAN GINSENG","para":"Enhances energy & boosts immunity."}},"image_dnC3ti":{"type":"Image","settings":{"ingredient":"shopify:\/\/shop_images\/transparent-bubbles-purple-background.png","ingredientheading":"VITAMIN D","para":"Promotes bone health."}},"image_HKe87d":{"type":"Image","settings":{"ingredient":"shopify:\/\/shop_images\/view-mono-color-mushrooms_1.png","ingredientheading":"DONG QUAI ROOT","para":"Regulates mood."}},"image_LTM8Vt":{"type":"Image","settings":{"ingredient":"shopify:\/\/shop_images\/golden-sesame_2.png","ingredientheading":"DONG QUAI ROOT","para":"Regulates mood."}}},"block_order":["image_KXbVW8","image_XgcjYY","image_dnC3ti","image_HKe87d","image_LTM8Vt"],"settings":{"heading":"Powerful Ingredients","full_width":false,"show_view_all":true,"view_all_style":"solid","enable_desktop_slider":false,"color_scheme":"scheme-2ea8b32b-5604-41f1-912d-4071ed9e7749","image_ratio":"adapt","image_shape":"default","show_secondary_image":false,"show_vendor":false,"show_rating":false,"enable_quick_add":false,"columns_mobile":"2","swipe_on_mobile":false}},"custom_liquid_9cUyHe":{"type":"custom-liquid","custom_css":["#custom_section {height: 200px;}"],"settings":{"custom_liquid":"","color_scheme":"","padding_top":40,"padding_bottom":52}},"testimonial_section_kjdV3f":{"type":"testimonial-section","blocks":{"text_UhTAfL":{"type":"text","settings":{"stars_count":"5","toggle_review_stars":true,"text":"“One pipette of this one delivers the right amount of pure CBD for the job \u2028and I can attest to it’s brilliance.”","image":"shopify:\/\/shop_images\/review.png"}},"text_KhKMXE":{"type":"text","settings":{"stars_count":"5","toggle_review_stars":true,"text":"“One pipette of this one delivers the right amount of pure CBD for the job \u2028and I can attest to it’s brilliance.”","image":"shopify:\/\/shop_images\/review.png"}},"text_PjxL38":{"type":"text","settings":{"stars_count":"5","toggle_review_stars":true,"text":"“One pipette of this one delivers the right amount of pure CBD for the job \u2028and I can attest to it’s brilliance.”","image":"shopify:\/\/shop_images\/review.png"}}},"block_order":["text_UhTAfL","text_KhKMXE","text_PjxL38"],"settings":{"bgimage":"shopify:\/\/shop_images\/Capsule_shadow_hold_meno_1.png","color_scheme":"","padding_top":36,"padding_bottom":36}},"custom_liquid_iGAEQz":{"type":"custom-liquid","custom_css":["#custom_section {height: 600px;}"],"settings":{"custom_liquid":"","color_scheme":"","padding_top":40,"padding_bottom":52}}},"order":["custom_liquid_MGKLPY","milestone_section_NK9w8V","custom_liquid_BXUYt6","image_with_accordion_LtgqxG","content_with_progressbar_DV8Xrp","custom_liquid_9cUyHe","testimonial_section_kjdV3f","custom_liquid_iGAEQz"]}